<?xml version="1.0" encoding="utf-8" standalone="yes"?>
<rss version="2.0" xmlns:atom="http://www.w3.org/2005/Atom">
  <channel>
    <title>Responsible Gaming – Thunder Coins: Hold and Win Slot Site on Thunder Coins Hold and Win</title>
    <link>https://thundercoins.org/responsible-gaming/</link>
    <description>Recent content in Responsible Gaming – Thunder Coins: Hold and Win Slot Site on Thunder Coins Hold and Win</description>
    <generator>Hugo</generator>
    <language>en</language>
    <lastBuildDate></lastBuildDate>
    <atom:link href="https://thundercoins.org/responsible-gaming/index.xml" rel="self" type="application/rss+xml" />
  </channel>
</rss>
